worker_id,type,iteration,time
worker_0,execution,0,100864.0
worker_1,execution,0,96514.0
worker_2,execution,0,102410.0
worker_3,execution,0,112800.0
worker_4,execution,0,113483.0
worker_5,execution,0,146784.3270027456
worker_6,execution,0,83726.28039554639
worker_7,execution,0,84855.0
worker_8,execution,0,100687.0
worker_9,execution,0,208860.98208839857
worker_10,execution,0,90806.0
worker_11,execution,0,104675.0
worker_12,execution,0,122355.51160516328
worker_13,execution,0,103790.60191427542
worker_14,execution,0,104657.0
worker_15,execution,0,89633.0
worker_16,execution,0,95397.0
worker_17,execution,0,147027.50427011272
worker_18,execution,0,85345.0
worker_19,execution,0,106972.0
worker_20,execution,0,101371.0
worker_21,execution,0,93238.0
worker_22,execution,0,115838.0
worker_23,execution,0,67052.0
worker_24,execution,0,117663.0
worker_25,execution,0,86357.90526069065
worker_26,execution,0,129102.14346569314
worker_27,execution,0,92879.50427391153
worker_28,execution,0,167220.26782814387
worker_29,execution,0,101873.0
worker_0,idle,0,107996.98208839857
worker_1,idle,0,112346.98208839857
worker_2,idle,0,106450.98208839857
worker_3,idle,0,96060.98208839857
worker_4,idle,0,95377.98208839857
worker_5,idle,0,62076.65508565298
worker_6,idle,0,125134.70169285218
worker_7,idle,0,124005.98208839857
worker_8,idle,0,108173.98208839857
worker_9,idle,0,0.0
worker_10,idle,0,118054.98208839857
worker_11,idle,0,104185.98208839857
worker_12,idle,0,86505.47048323529
worker_13,idle,0,105070.38017412314
worker_14,idle,0,104203.98208839857
worker_15,idle,0,119227.98208839857
worker_16,idle,0,113463.98208839857
worker_17,idle,0,61833.47781828584
worker_18,idle,0,123515.98208839857
worker_19,idle,0,101888.98208839857
worker_20,idle,0,107489.98208839857
worker_21,idle,0,115622.98208839857
worker_22,idle,0,93022.98208839857
worker_23,idle,0,141808.98208839857
worker_24,idle,0,91197.98208839857
worker_25,idle,0,122503.07682770792
worker_26,idle,0,79758.83862270543
worker_27,idle,0,115981.47781448704
worker_28,idle,0,41640.714260254696
worker_29,idle,0,106987.98208839857
worker_0,execution,1,95755.0
worker_1,execution,1,86366.0
worker_2,execution,1,85838.0
worker_3,execution,1,94630.0
worker_4,execution,1,75276.0
worker_5,execution,1,105517.77035447417
worker_6,execution,1,108100.27808440059
worker_7,execution,1,95610.0
worker_8,execution,1,75509.0
worker_9,execution,1,147680.09837896086
worker_10,execution,1,104186.0
worker_11,execution,1,104851.0
worker_12,execution,1,120824.84121138578
worker_13,execution,1,97129.42812492691
worker_14,execution,1,127109.0
worker_15,execution,1,131096.0
worker_16,execution,1,63863.0
worker_17,execution,1,161950.81217099048
worker_18,execution,1,90819.0
worker_19,execution,1,89361.0
worker_20,execution,1,76288.0
worker_21,execution,1,93512.0
worker_22,execution,1,102625.0
worker_23,execution,1,88181.0
worker_24,execution,1,116339.0
worker_25,execution,1,84950.32823831339
worker_26,execution,1,117558.15953161177
worker_27,execution,1,180973.0309600831
worker_28,execution,1,124933.43121480297
worker_29,execution,1,125989.0
worker_0,idle,1,85218.0309600831
worker_1,idle,1,94607.0309600831
worker_2,idle,1,95135.0309600831
worker_3,idle,1,86343.0309600831
worker_4,idle,1,105697.0309600831
worker_5,idle,1,75455.26060560893
worker_6,idle,1,72872.7528756825
worker_7,idle,1,85363.0309600831
worker_8,idle,1,105464.0309600831
worker_9,idle,1,33292.93258112224
worker_10,idle,1,76787.0309600831
worker_11,idle,1,76122.0309600831
worker_12,idle,1,60148.18974869732
worker_13,idle,1,83843.60283515618
worker_14,idle,1,53864.030960083095
worker_15,idle,1,49877.030960083095
worker_16,idle,1,117110.0309600831
worker_17,idle,1,19022.218789092614
worker_18,idle,1,90154.0309600831
worker_19,idle,1,91612.0309600831
worker_20,idle,1,104685.0309600831
worker_21,idle,1,87461.0309600831
worker_22,idle,1,78348.0309600831
worker_23,idle,1,92792.0309600831
worker_24,idle,1,64634.030960083095
worker_25,idle,1,96022.7027217697
worker_26,idle,1,63414.87142847132
worker_27,idle,1,0.0
worker_28,idle,1,56039.599745280124
worker_29,idle,1,54984.030960083095
worker_0,execution,2,86815.0
worker_1,execution,2,82129.0
worker_2,execution,2,82347.0
worker_3,execution,2,106072.0
worker_4,execution,2,97955.0
worker_5,execution,2,90844.49443235238
worker_6,execution,2,128109.50111563134
worker_7,execution,2,100969.0
worker_8,execution,2,76730.0
worker_9,execution,2,134208.19678703396
worker_10,execution,2,89134.0
worker_11,execution,2,95776.0
worker_12,execution,2,104565.72013970475
worker_13,execution,2,103497.85495348179
worker_14,execution,2,92651.0
worker_15,execution,2,85369.0
worker_16,execution,2,128959.0
worker_17,execution,2,149593.10664994194
worker_18,execution,2,83178.0
worker_19,execution,2,60224.0
worker_20,execution,2,87635.0
worker_21,execution,2,113594.0
worker_22,execution,2,111240.0
worker_23,execution,2,130252.0
worker_24,execution,2,95664.0
worker_25,execution,2,76678.93992090398
worker_26,execution,2,188843.939480813
worker_27,execution,2,114119.38497599635
worker_28,execution,2,191676.67746995238
worker_29,execution,2,119927.0
worker_0,idle,2,104861.67746995238
worker_1,idle,2,109547.67746995238
worker_2,idle,2,109329.67746995238
worker_3,idle,2,85604.67746995238
worker_4,idle,2,93721.67746995238
worker_5,idle,2,100832.1830376
worker_6,idle,2,63567.17635432104
worker_7,idle,2,90707.67746995238
worker_8,idle,2,114946.67746995238
worker_9,idle,2,57468.48068291842
worker_10,idle,2,102542.67746995238
worker_11,idle,2,95900.67746995238
worker_12,idle,2,87110.95733024763
worker_13,idle,2,88178.8225164706
worker_14,idle,2,99025.67746995238
worker_15,idle,2,106307.67746995238
worker_16,idle,2,62717.67746995238
worker_17,idle,2,42083.57082001044
worker_18,idle,2,108498.67746995238
worker_19,idle,2,131452.67746995238
worker_20,idle,2,104041.67746995238
worker_21,idle,2,78082.67746995238
worker_22,idle,2,80436.67746995238
worker_23,idle,2,61424.67746995238
worker_24,idle,2,96012.67746995238
worker_25,idle,2,114997.7375490484
worker_26,idle,2,2832.737989139394
worker_27,idle,2,77557.29249395603
worker_28,idle,2,0.0
worker_29,idle,2,71749.67746995238
worker_0,execution,3,104375.0
worker_1,execution,3,96077.0
worker_2,execution,3,109994.0
worker_3,execution,3,61453.0
worker_4,execution,3,106060.0
worker_5,execution,3,76737.34306830773
worker_6,execution,3,91177.16224501371
worker_7,execution,3,80479.0
worker_8,execution,3,91467.0
worker_9,execution,3,164526.4559100993
worker_10,execution,3,99739.0
worker_11,execution,3,93844.0
worker_12,execution,3,114918.0234097572
worker_13,execution,3,137212.15312778312
worker_14,execution,3,95491.0
worker_15,execution,3,113719.0
worker_16,execution,3,92545.0
worker_17,execution,3,184906.6286605498
worker_18,execution,3,123238.0
worker_19,execution,3,139605.0
worker_20,execution,3,103319.0
worker_21,execution,3,95991.0
worker_22,execution,3,124839.0
worker_23,execution,3,98978.0
worker_24,execution,3,98758.0
worker_25,execution,3,117611.64862978978
worker_26,execution,3,180386.15862145546
worker_27,execution,3,123541.299907203
worker_28,execution,3,109445.85668146581
worker_29,execution,3,103071.0
worker_0,idle,3,80531.62866054979
worker_1,idle,3,88829.62866054979
worker_2,idle,3,74912.62866054979
worker_3,idle,3,123453.62866054979
worker_4,idle,3,78846.62866054979
worker_5,idle,3,108169.28559224206
worker_6,idle,3,93729.46641553608
worker_7,idle,3,104427.62866054979
worker_8,idle,3,93439.62866054979
worker_9,idle,3,20380.172750450496
worker_10,idle,3,85167.62866054979
worker_11,idle,3,91062.62866054979
worker_12,idle,3,69988.60525079259
worker_13,idle,3,47694.475532766664
worker_14,idle,3,89415.62866054979
worker_15,idle,3,71187.62866054979
worker_16,idle,3,92361.62866054979
worker_17,idle,3,0.0
worker_18,idle,3,61668.62866054979
worker_19,idle,3,45301.62866054979
worker_20,idle,3,81587.62866054979
worker_21,idle,3,88915.62866054979
worker_22,idle,3,60067.62866054979
worker_23,idle,3,85928.62866054979
worker_24,idle,3,86148.62866054979
worker_25,idle,3,67294.98003076001
worker_26,idle,3,4520.470039094333
worker_27,idle,3,61365.32875334678
worker_28,idle,3,75460.77197908398
worker_29,idle,3,81835.62866054979
worker_0,execution,4,96423.0
worker_1,execution,4,82932.0
worker_2,execution,4,90480.0
worker_3,execution,4,101735.0
worker_4,execution,4,101087.0
worker_5,execution,4,120912.99521798539
worker_6,execution,4,104211.39846103344
worker_7,execution,4,84626.0
worker_8,execution,4,120119.0
worker_9,execution,4,172949.63467566852
worker_10,execution,4,91195.0
worker_11,execution,4,108954.0
worker_12,execution,4,136628.68596081506
worker_13,execution,4,107939.81791100765
worker_14,execution,4,126267.0
worker_15,execution,4,94135.0
worker_16,execution,4,106118.0
worker_17,execution,4,149982.32572147102
worker_18,execution,4,105885.0
worker_19,execution,4,118683.0
worker_20,execution,4,79736.0
worker_21,execution,4,109332.0
worker_22,execution,4,68682.0
worker_23,execution,4,109123.0
worker_24,execution,4,120614.0
worker_25,execution,4,133794.74956355884
worker_26,execution,4,121872.29943238362
worker_27,execution,4,177349.09975401126
worker_28,execution,4,133001.42306182743
worker_29,execution,4,72498.0
worker_0,idle,4,80926.09975401126
worker_1,idle,4,94417.09975401126
worker_2,idle,4,86869.09975401126
worker_3,idle,4,75614.09975401126
worker_4,idle,4,76262.09975401126
worker_5,idle,4,56436.10453602587
worker_6,idle,4,73137.70129297781
worker_7,idle,4,92723.09975401126
worker_8,idle,4,57230.09975401126
worker_9,idle,4,4399.465078342735
worker_10,idle,4,86154.09975401126
worker_11,idle,4,68395.09975401126
worker_12,idle,4,40720.4137931962
worker_13,idle,4,69409.28184300361
worker_14,idle,4,51082.09975401126
worker_15,idle,4,83214.09975401126
worker_16,idle,4,71231.09975401126
worker_17,idle,4,27366.77403254024
worker_18,idle,4,71464.09975401126
worker_19,idle,4,58666.09975401126
worker_20,idle,4,97613.09975401126
worker_21,idle,4,68017.09975401126
worker_22,idle,4,108667.09975401126
worker_23,idle,4,68226.09975401126
worker_24,idle,4,56735.09975401126
worker_25,idle,4,43554.35019045242
worker_26,idle,4,55476.80032162764
worker_27,idle,4,0.0
worker_28,idle,4,44347.67669218383
worker_29,idle,4,104851.09975401126
worker_0,execution,5,93269.0
worker_1,execution,5,60026.0
worker_2,execution,5,83739.0
worker_3,execution,5,110613.0
worker_4,execution,5,65577.0
worker_5,execution,5,130153.71746002449
worker_6,execution,5,146974.6532564278
worker_7,execution,5,72546.0
worker_8,execution,5,122641.0
worker_9,execution,5,178576.2692964054
worker_10,execution,5,123092.0
worker_11,execution,5,107665.0
worker_12,execution,5,105918.46645352179
worker_13,execution,5,116548.70333466856
worker_14,execution,5,90633.0
worker_15,execution,5,76188.0
worker_16,execution,5,78442.0
worker_17,execution,5,196794.0278035006
worker_18,execution,5,97504.0
worker_19,execution,5,98315.0
worker_20,execution,5,100572.0
worker_21,execution,5,85044.0
worker_22,execution,5,86134.0
worker_23,execution,5,107086.0
worker_24,execution,5,99745.0
worker_25,execution,5,99285.47997726614
worker_26,execution,5,120039.86635676638
worker_27,execution,5,148552.0900138315
worker_28,execution,5,209564.85080439804
worker_29,execution,5,125772.0
worker_0,idle,5,116295.85080439804
worker_1,idle,5,149538.85080439804
worker_2,idle,5,125825.85080439804
worker_3,idle,5,98951.85080439804
worker_4,idle,5,143987.85080439804
worker_5,idle,5,79411.13334437355
worker_6,idle,5,62590.19754797025
worker_7,idle,5,137018.85080439804
worker_8,idle,5,86923.85080439804
worker_9,idle,5,30988.58150799264
worker_10,idle,5,86472.85080439804
worker_11,idle,5,101899.85080439804
worker_12,idle,5,103646.38435087625
worker_13,idle,5,93016.14746972948
worker_14,idle,5,118931.85080439804
worker_15,idle,5,133376.85080439804
worker_16,idle,5,131122.85080439804
worker_17,idle,5,12770.82300089745
worker_18,idle,5,112060.85080439804
worker_19,idle,5,111249.85080439804
worker_20,idle,5,108992.85080439804
worker_21,idle,5,124520.85080439804
worker_22,idle,5,123430.85080439804
worker_23,idle,5,102478.85080439804
worker_24,idle,5,109819.85080439804
worker_25,idle,5,110279.3708271319
worker_26,idle,5,89524.98444763166
worker_27,idle,5,61012.760790566535
worker_28,idle,5,0.0
worker_29,idle,5,83792.85080439804
worker_0,execution,6,74636.0
worker_1,execution,6,120269.0
worker_2,execution,6,103230.0
worker_3,execution,6,118821.0
worker_4,execution,6,114779.0
worker_5,execution,6,126109.00972627744
worker_6,execution,6,141750.62367584158
worker_7,execution,6,108724.0
worker_8,execution,6,75530.0
worker_9,execution,6,163739.64196313446
worker_10,execution,6,72787.0
worker_11,execution,6,111822.0
worker_12,execution,6,101881.1597567719
worker_13,execution,6,133912.84766238724
worker_14,execution,6,90994.0
worker_15,execution,6,102510.0
worker_16,execution,6,105087.0
worker_17,execution,6,176335.70035625296
worker_18,execution,6,102646.0
worker_19,execution,6,91028.0
worker_20,execution,6,104001.0
worker_21,execution,6,80215.0
worker_22,execution,6,112488.0
worker_23,execution,6,140190.0
worker_24,execution,6,104775.0
worker_25,execution,6,121342.13122144647
worker_26,execution,6,217880.42599858288
worker_27,execution,6,124081.75099116722
worker_28,execution,6,81775.4494695134
worker_29,execution,6,76683.0
worker_0,idle,6,143244.42599858288
worker_1,idle,6,97611.42599858288
worker_2,idle,6,114650.42599858288
worker_3,idle,6,99059.42599858288
worker_4,idle,6,103101.42599858288
worker_5,idle,6,91771.41627230545
worker_6,idle,6,76129.8023227413
worker_7,idle,6,109156.42599858288
worker_8,idle,6,142350.42599858288
worker_9,idle,6,54140.78403544842
worker_10,idle,6,145093.42599858288
worker_11,idle,6,106058.42599858288
worker_12,idle,6,115999.26624181098
worker_13,idle,6,83967.57833619564
worker_14,idle,6,126886.42599858288
worker_15,idle,6,115370.42599858288
worker_16,idle,6,112793.42599858288
worker_17,idle,6,41544.725642329926
worker_18,idle,6,115234.42599858288
worker_19,idle,6,126852.42599858288
worker_20,idle,6,113879.42599858288
worker_21,idle,6,137665.42599858288
worker_22,idle,6,105392.42599858288
worker_23,idle,6,77690.42599858288
worker_24,idle,6,113105.42599858288
worker_25,idle,6,96538.29477713641
worker_26,idle,6,0.0
worker_27,idle,6,93798.67500741566
worker_28,idle,6,136104.97652906948
worker_29,idle,6,141197.42599858288
worker_0,execution,7,112497.0
worker_1,execution,7,88661.0
worker_2,execution,7,92876.0
worker_3,execution,7,111920.0
worker_4,execution,7,137305.0
worker_5,execution,7,127670.61667558721
worker_6,execution,7,131676.3103622796
worker_7,execution,7,89936.0
worker_8,execution,7,98773.0
worker_9,execution,7,158645.17413986023
worker_10,execution,7,103299.0
worker_11,execution,7,94775.0
worker_12,execution,7,131411.32396903328
worker_13,execution,7,138890.7264271724
worker_14,execution,7,82483.0
worker_15,execution,7,110428.0
worker_16,execution,7,87134.0
worker_17,execution,7,118024.19645667025
worker_18,execution,7,131139.0
worker_19,execution,7,129588.0
worker_20,execution,7,127906.0
worker_21,execution,7,85540.0
worker_22,execution,7,126214.0
worker_23,execution,7,128184.0
worker_24,execution,7,68591.0
worker_25,execution,7,127755.19508343235
worker_26,execution,7,177565.17612346573
worker_27,execution,7,78634.8672053469
worker_28,execution,7,142918.94841815953
worker_29,execution,7,99487.0
worker_0,idle,7,65068.17612346573
worker_1,idle,7,88904.17612346573
worker_2,idle,7,84689.17612346573
worker_3,idle,7,65645.17612346573
worker_4,idle,7,40260.17612346573
worker_5,idle,7,49894.55944787852
worker_6,idle,7,45888.86576118614
worker_7,idle,7,87629.17612346573
worker_8,idle,7,78792.17612346573
worker_9,idle,7,18920.0019836055
worker_10,idle,7,74266.17612346573
worker_11,idle,7,82790.17612346573
worker_12,idle,7,46153.85215443245
worker_13,idle,7,38674.44969629333
worker_14,idle,7,95082.17612346573
worker_15,idle,7,67137.17612346573
worker_16,idle,7,90431.17612346573
worker_17,idle,7,59540.97966679548
worker_18,idle,7,46426.17612346573
worker_19,idle,7,47977.17612346573
worker_20,idle,7,49659.17612346573
worker_21,idle,7,92025.17612346573
worker_22,idle,7,51351.17612346573
worker_23,idle,7,49381.17612346573
worker_24,idle,7,108974.17612346573
worker_25,idle,7,49809.98104003338
worker_26,idle,7,0.0
worker_27,idle,7,98930.30891811883
worker_28,idle,7,34646.2277053062
worker_29,idle,7,78078.17612346573
worker_0,execution,8,87207.0
worker_1,execution,8,93486.0
worker_2,execution,8,104941.0
worker_3,execution,8,108061.0
worker_4,execution,8,97761.0
worker_5,execution,8,122310.93051288079
worker_6,execution,8,110917.19212555404
worker_7,execution,8,61938.0
worker_8,execution,8,114052.0
worker_9,execution,8,174078.01126627703
worker_10,execution,8,88656.0
worker_11,execution,8,69894.0
worker_12,execution,8,155628.62282306352
worker_13,execution,8,118351.2219198777
worker_14,execution,8,86247.0
worker_15,execution,8,102401.0
worker_16,execution,8,110468.0
worker_17,execution,8,105757.30871897849
worker_18,execution,8,90070.0
worker_19,execution,8,97552.0
worker_20,execution,8,102166.0
worker_21,execution,8,71815.0
worker_22,execution,8,125774.0
worker_23,execution,8,114317.0
worker_24,execution,8,99182.0
worker_25,execution,8,137876.83820912632
worker_26,execution,8,182356.36862005145
worker_27,execution,8,124570.14729650605
worker_28,execution,8,192854.70327338294
worker_29,execution,8,126360.0
worker_0,idle,8,105647.70327338294
worker_1,idle,8,99368.70327338294
worker_2,idle,8,87913.70327338294
worker_3,idle,8,84793.70327338294
worker_4,idle,8,95093.70327338294
worker_5,idle,8,70543.77276050215
worker_6,idle,8,81937.5111478289
worker_7,idle,8,130916.70327338294
worker_8,idle,8,78802.70327338294
worker_9,idle,8,18776.692007105914
worker_10,idle,8,104198.70327338294
worker_11,idle,8,122960.70327338294
worker_12,idle,8,37226.08045031942
worker_13,idle,8,74503.48135350524
worker_14,idle,8,106607.70327338294
worker_15,idle,8,90453.70327338294
worker_16,idle,8,82386.70327338294
worker_17,idle,8,87097.39455440445
worker_18,idle,8,102784.70327338294
worker_19,idle,8,95302.70327338294
worker_20,idle,8,90688.70327338294
worker_21,idle,8,121039.70327338294
worker_22,idle,8,67080.70327338294
worker_23,idle,8,78537.70327338294
worker_24,idle,8,93672.70327338294
worker_25,idle,8,54977.86506425662
worker_26,idle,8,10498.33465333149
worker_27,idle,8,68284.55597687689
worker_28,idle,8,0.0
worker_29,idle,8,66494.70327338294
worker_0,execution,9,110291.0
worker_1,execution,9,113620.0
worker_2,execution,9,104476.0
worker_3,execution,9,101390.0
worker_4,execution,9,109517.0
worker_5,execution,9,92396.01203310238
worker_6,execution,9,91892.20655153516
worker_7,execution,9,113056.0
worker_8,execution,9,121045.0
worker_9,execution,9,90457.68173603607
worker_10,execution,9,107414.0
worker_11,execution,9,118359.0
worker_12,execution,9,145713.28016114922
worker_13,execution,9,156787.2452682698
worker_14,execution,9,75001.0
worker_15,execution,9,81050.0
worker_16,execution,9,130547.0
worker_17,execution,9,141747.09886636812
worker_18,execution,9,117705.0
worker_19,execution,9,97533.0
worker_20,execution,9,114197.0
worker_21,execution,9,111496.0
worker_22,execution,9,111207.0
worker_23,execution,9,108996.0
worker_24,execution,9,102883.0
worker_25,execution,9,118141.93972749128
worker_26,execution,9,215391.8303272794
worker_27,execution,9,114684.33242637258
worker_28,execution,9,137799.32087187798
worker_29,execution,9,72074.0
worker_0,idle,9,105100.8303272794
worker_1,idle,9,101771.8303272794
worker_2,idle,9,110915.8303272794
worker_3,idle,9,114001.8303272794
worker_4,idle,9,105874.8303272794
worker_5,idle,9,122995.81829417702
worker_6,idle,9,123499.62377574424
worker_7,idle,9,102335.8303272794
worker_8,idle,9,94346.8303272794
worker_9,idle,9,124934.14859124333
worker_10,idle,9,107977.8303272794
worker_11,idle,9,97032.8303272794
worker_12,idle,9,69678.55016613018
worker_13,idle,9,58604.58505900961
worker_14,idle,9,140390.8303272794
worker_15,idle,9,134341.8303272794
worker_16,idle,9,84844.8303272794
worker_17,idle,9,73644.73146091128
worker_18,idle,9,97686.8303272794
worker_19,idle,9,117858.8303272794
worker_20,idle,9,101194.8303272794
worker_21,idle,9,103895.8303272794
worker_22,idle,9,104184.8303272794
worker_23,idle,9,106395.8303272794
worker_24,idle,9,112508.8303272794
worker_25,idle,9,97249.89059978812
worker_26,idle,9,0.0
worker_27,idle,9,100707.49790090682
worker_28,idle,9,77592.50945540142
worker_29,idle,9,143317.8303272794
worker_0,execution,10,96291.0
worker_1,execution,10,100212.0
worker_2,execution,10,96423.0
worker_3,execution,10,83914.0
worker_4,execution,10,100903.0
worker_5,execution,10,110014.25669595407
worker_6,execution,10,121400.10218569974
worker_7,execution,10,93619.0
worker_8,execution,10,108735.0
worker_9,execution,10,155194.4765391211
worker_10,execution,10,124434.0
worker_11,execution,10,125032.0
worker_12,execution,10,142331.4143766066
worker_13,execution,10,115606.71916243747
worker_14,execution,10,105375.0
worker_15,execution,10,89383.0
worker_16,execution,10,90227.0
worker_17,execution,10,163781.76355330856
worker_18,execution,10,95887.0
worker_19,execution,10,137965.0
worker_20,execution,10,88965.0
worker_21,execution,10,115907.0
worker_22,execution,10,96438.0
worker_23,execution,10,120348.0
worker_24,execution,10,116353.0
worker_25,execution,10,144233.41454113962
worker_26,execution,10,181598.5955436684
worker_27,execution,10,116275.06522025033
worker_28,execution,10,159393.16080927188
worker_29,execution,10,107437.0
worker_0,idle,10,85307.5955436684
worker_1,idle,10,81386.5955436684
worker_2,idle,10,85175.5955436684
worker_3,idle,10,97684.5955436684
worker_4,idle,10,80695.5955436684
worker_5,idle,10,71584.33884771433
worker_6,idle,10,60198.49335796866
worker_7,idle,10,87979.5955436684
worker_8,idle,10,72863.5955436684
worker_9,idle,10,26404.119004547305
worker_10,idle,10,57164.5955436684
worker_11,idle,10,56566.5955436684
worker_12,idle,10,39267.18116706179
worker_13,idle,10,65991.87638123093
worker_14,idle,10,76223.5955436684
worker_15,idle,10,92215.5955436684
worker_16,idle,10,91371.5955436684
worker_17,idle,10,17816.831990359846
worker_18,idle,10,85711.5955436684
worker_19,idle,10,43633.5955436684
worker_20,idle,10,92633.5955436684
worker_21,idle,10,65691.5955436684
worker_22,idle,10,85160.5955436684
worker_23,idle,10,61250.5955436684
worker_24,idle,10,65245.5955436684
worker_25,idle,10,37365.181002528785
worker_26,idle,10,0.0
worker_27,idle,10,65323.530323418076
worker_28,idle,10,22205.43473439652
worker_29,idle,10,74161.5955436684
worker_0,execution,11,117936.0
worker_1,execution,11,87249.0
worker_2,execution,11,90649.0
worker_3,execution,11,103615.0
worker_4,execution,11,93092.0
worker_5,execution,11,106137.70477153684
worker_6,execution,11,119961.60128669774
worker_7,execution,11,89309.0
worker_8,execution,11,82802.0
worker_9,execution,11,172101.8273994816
worker_10,execution,11,72060.0
worker_11,execution,11,112646.0
worker_12,execution,11,127493.06941402164
worker_13,execution,11,127501.92530726554
worker_14,execution,11,99710.0
worker_15,execution,11,75631.0
worker_16,execution,11,117665.0
worker_17,execution,11,190065.40310444156
worker_18,execution,11,111740.0
worker_19,execution,11,126064.0
worker_20,execution,11,93271.0
worker_21,execution,11,77004.0
worker_22,execution,11,93850.0
worker_23,execution,11,126489.0
worker_24,execution,11,129087.0
worker_25,execution,11,158079.77622481965
worker_26,execution,11,210969.19109966175
worker_27,execution,11,120877.32005990052
worker_28,execution,11,174471.56111396645
worker_29,execution,11,108337.0
worker_0,idle,11,93033.19109966175
worker_1,idle,11,123720.19109966175
worker_2,idle,11,120320.19109966175
worker_3,idle,11,107354.19109966175
worker_4,idle,11,117877.19109966175
worker_5,idle,11,104831.48632812491
worker_6,idle,11,91007.58981296401
worker_7,idle,11,121660.19109966175
worker_8,idle,11,128167.19109966175
worker_9,idle,11,38867.36370018014
worker_10,idle,11,138909.19109966175
worker_11,idle,11,98323.19109966175
worker_12,idle,11,83476.12168564012
worker_13,idle,11,83467.26579239621
worker_14,idle,11,111259.19109966175
worker_15,idle,11,135338.19109966175
worker_16,idle,11,93304.19109966175
worker_17,idle,11,20903.78799522019
worker_18,idle,11,99229.19109966175
worker_19,idle,11,84905.19109966175
worker_20,idle,11,117698.19109966175
worker_21,idle,11,133965.19109966175
worker_22,idle,11,117119.19109966175
worker_23,idle,11,84480.19109966175
worker_24,idle,11,81882.19109966175
worker_25,idle,11,52889.4148748421
worker_26,idle,11,0.0
worker_27,idle,11,90091.87103976123
worker_28,idle,11,36497.6299856953
worker_29,idle,11,102632.19109966175
worker_0,execution,12,93621.0
worker_1,execution,12,75752.0
worker_2,execution,12,112625.0
worker_3,execution,12,67651.0
worker_4,execution,12,125081.0
worker_5,execution,12,78244.0191199031
worker_6,execution,12,109000.39268202172
worker_7,execution,12,107313.0
worker_8,execution,12,98105.0
worker_9,execution,12,123374.25668396203
worker_10,execution,12,112343.0
worker_11,execution,12,86585.0
worker_12,execution,12,100392.35385239685
worker_13,execution,12,141645.85306625432
worker_14,execution,12,84643.0
worker_15,execution,12,80513.0
worker_16,execution,12,100365.0
worker_17,execution,12,164884.55092264098
worker_18,execution,12,107822.0
worker_19,execution,12,88154.0
worker_20,execution,12,88444.0
worker_21,execution,12,103692.0
worker_22,execution,12,112311.0
worker_23,execution,12,98419.0
worker_24,execution,12,108981.0
worker_25,execution,12,108717.74467594817
worker_26,execution,12,193719.52034272323
worker_27,execution,12,160223.0775862378
worker_28,execution,12,183677.98125842382
worker_29,execution,12,126141.0
worker_0,idle,12,100098.52034272323
worker_1,idle,12,117967.52034272323
worker_2,idle,12,81094.52034272323
worker_3,idle,12,126068.52034272323
worker_4,idle,12,68638.52034272323
worker_5,idle,12,115475.50122282014
worker_6,idle,12,84719.12766070152
worker_7,idle,12,86406.52034272323
worker_8,idle,12,95614.52034272323
worker_9,idle,12,70345.2636587612
worker_10,idle,12,81376.52034272323
worker_11,idle,12,107134.52034272323
worker_12,idle,12,93327.16649032639
worker_13,idle,12,52073.667276468914
worker_14,idle,12,109076.52034272323
worker_15,idle,12,113206.52034272323
worker_16,idle,12,93354.52034272323
worker_17,idle,12,28834.969420082256
worker_18,idle,12,85897.52034272323
worker_19,idle,12,105565.52034272323
worker_20,idle,12,105275.52034272323
worker_21,idle,12,90027.52034272323
worker_22,idle,12,81408.52034272323
worker_23,idle,12,95300.52034272323
worker_24,idle,12,84738.52034272323
worker_25,idle,12,85001.77566677507
worker_26,idle,12,0.0
worker_27,idle,12,33496.44275648543
worker_28,idle,12,10041.53908429941
worker_29,idle,12,67578.52034272323
worker_0,execution,13,99286.0
worker_1,execution,13,102711.0
worker_2,execution,13,75165.0
worker_3,execution,13,103176.0
worker_4,execution,13,80287.0
worker_5,execution,13,86565.48960427241
worker_6,execution,13,135990.61130414857
worker_7,execution,13,129252.0
worker_8,execution,13,95030.0
worker_9,execution,13,98603.34085364486
worker_10,execution,13,107025.0
worker_11,execution,13,77848.0
worker_12,execution,13,165358.19181325435
worker_13,execution,13,137236.94218494708
worker_14,execution,13,102837.0
worker_15,execution,13,102314.0
worker_16,execution,13,94183.0
worker_17,execution,13,92575.75616319341
worker_18,execution,13,113601.0
worker_19,execution,13,80392.0
worker_20,execution,13,124316.0
worker_21,execution,13,111335.0
worker_22,execution,13,118554.0
worker_23,execution,13,108604.0
worker_24,execution,13,64338.0
worker_25,execution,13,101764.01445565361
worker_26,execution,13,158038.7417143035
worker_27,execution,13,143718.6507161683
worker_28,execution,13,154430.27339089772
worker_29,execution,13,114544.0
worker_0,idle,13,66072.19181325435
worker_1,idle,13,62647.19181325435
worker_2,idle,13,90193.19181325435
worker_3,idle,13,62182.19181325435
worker_4,idle,13,85071.19181325435
worker_5,idle,13,78792.70220898194
worker_6,idle,13,29367.580509105785
worker_7,idle,13,36106.19181325435
worker_8,idle,13,70328.19181325435
worker_9,idle,13,66754.8509596095
worker_10,idle,13,58333.19181325435
worker_11,idle,13,87510.19181325435
worker_12,idle,13,0.0
worker_13,idle,13,28121.24962830727
worker_14,idle,13,62521.19181325435
worker_15,idle,13,63044.19181325435
worker_16,idle,13,71175.19181325435
worker_17,idle,13,72782.43565006094
worker_18,idle,13,51757.19181325435
worker_19,idle,13,84966.19181325435
worker_20,idle,13,41042.19181325435
worker_21,idle,13,54023.19181325435
worker_22,idle,13,46804.19181325435
worker_23,idle,13,56754.19181325435
worker_24,idle,13,101020.19181325435
worker_25,idle,13,63594.17735760074
worker_26,idle,13,7319.450098950852
worker_27,idle,13,21639.54109708604
worker_28,idle,13,10927.918422356626
worker_29,idle,13,50814.19181325435
worker_0,execution,14,61468.0
worker_1,execution,14,117972.0
worker_2,execution,14,89276.0
worker_3,execution,14,90789.0
worker_4,execution,14,127531.0
worker_5,execution,14,122068.78614744582
worker_6,execution,14,96589.86738211059
worker_7,execution,14,85832.0
worker_8,execution,14,93496.0
worker_9,execution,14,167949.70651268854
worker_10,execution,14,125710.0
worker_11,execution,14,109683.0
worker_12,execution,14,127261.50645701427
worker_13,execution,14,102154.52414145297
worker_14,execution,14,128345.0
worker_15,execution,14,86222.0
worker_16,execution,14,57276.0
worker_17,execution,14,195830.71060146613
worker_18,execution,14,156789.0
worker_19,execution,14,93847.0
worker_20,execution,14,108039.0
worker_21,execution,14,77220.0
worker_22,execution,14,98476.0
worker_23,execution,14,98615.0
worker_24,execution,14,110115.0
worker_25,execution,14,137661.26334984333
worker_26,execution,14,191981.80890165383
worker_27,execution,14,173515.41841053683
worker_28,execution,14,156870.4696980039
worker_29,execution,14,100454.0
worker_0,idle,14,134362.71060146613
worker_1,idle,14,77858.71060146613
worker_2,idle,14,106554.71060146613
worker_3,idle,14,105041.71060146613
worker_4,idle,14,68299.71060146613
worker_5,idle,14,73761.9244540203
worker_6,idle,14,99240.84321935553
worker_7,idle,14,109998.71060146613
worker_8,idle,14,102334.71060146613
worker_9,idle,14,27881.004088777583
worker_10,idle,14,70120.71060146613
worker_11,idle,14,86147.71060146613
worker_12,idle,14,68569.20414445185
worker_13,idle,14,93676.18646001315
worker_14,idle,14,67485.71060146613
worker_15,idle,14,109608.71060146613
worker_16,idle,14,138554.71060146613
worker_17,idle,14,0.0
worker_18,idle,14,39041.710601466126
worker_19,idle,14,101983.71060146613
worker_20,idle,14,87791.71060146613
worker_21,idle,14,118610.71060146613
worker_22,idle,14,97354.71060146613
worker_23,idle,14,97215.71060146613
worker_24,idle,14,85715.71060146613
worker_25,idle,14,58169.4472516228
worker_26,idle,14,3848.901699812297
worker_27,idle,14,22315.292190929293
worker_28,idle,14,38960.240903462225
worker_29,idle,14,95376.71060146613
worker_0,execution,15,89160.0
worker_1,execution,15,134742.0
worker_2,execution,15,106281.0
worker_3,execution,15,58966.0
worker_4,execution,15,126938.0
worker_5,execution,15,105736.37290660295
worker_6,execution,15,133873.11875273543
worker_7,execution,15,102794.0
worker_8,execution,15,69162.0
worker_9,execution,15,165824.08898929905
worker_10,execution,15,105824.0
worker_11,execution,15,95769.0
worker_12,execution,15,116393.74666119399
worker_13,execution,15,141873.67630590423
worker_14,execution,15,122571.0
worker_15,execution,15,147421.0
worker_16,execution,15,98472.0
worker_17,execution,15,181969.6464166365
worker_18,execution,15,127368.0
worker_19,execution,15,112158.0
worker_20,execution,15,126468.0
worker_21,execution,15,107211.0
worker_22,execution,15,94486.0
worker_23,execution,15,94889.0
worker_24,execution,15,82967.0
worker_25,execution,15,82083.29789052284
worker_26,execution,15,148101.5811444617
worker_27,execution,15,129582.71627355681
worker_28,execution,15,192485.12655073806
worker_29,execution,15,83201.0
worker_0,idle,15,103325.12655073806
worker_1,idle,15,57743.12655073806
worker_2,idle,15,86204.12655073806
worker_3,idle,15,133519.12655073806
worker_4,idle,15,65547.12655073806
worker_5,idle,15,86748.75364413511
worker_6,idle,15,58612.007798002625
worker_7,idle,15,89691.12655073806
worker_8,idle,15,123323.12655073806
worker_9,idle,15,26661.037561439007
worker_10,idle,15,86661.12655073806
worker_11,idle,15,96716.12655073806
worker_12,idle,15,76091.37988954407
worker_13,idle,15,50611.45024483383
worker_14,idle,15,69914.12655073806
worker_15,idle,15,45064.12655073806
worker_16,idle,15,94013.12655073806
worker_17,idle,15,10515.480134101555
worker_18,idle,15,65117.12655073806
worker_19,idle,15,80327.12655073806
worker_20,idle,15,66017.12655073806
worker_21,idle,15,85274.12655073806
worker_22,idle,15,97999.12655073806
worker_23,idle,15,97596.12655073806
worker_24,idle,15,109518.12655073806
worker_25,idle,15,110401.82866021522
worker_26,idle,15,44383.54540627636
worker_27,idle,15,62902.41027718125
worker_28,idle,15,0.0
worker_29,idle,15,109284.12655073806
worker_0,execution,16,92601.0
worker_1,execution,16,117066.0
worker_2,execution,16,103499.0
worker_3,execution,16,118241.0
worker_4,execution,16,93976.0
worker_5,execution,16,92280.54504402922
worker_6,execution,16,138456.61284529482
worker_7,execution,16,130537.0
worker_8,execution,16,96532.0
worker_9,execution,16,157021.22674932238
worker_10,execution,16,93091.0
worker_11,execution,16,108248.0
worker_12,execution,16,106656.32807924016
worker_13,execution,16,104773.9011817798
worker_14,execution,16,105368.0
worker_15,execution,16,137319.0
worker_16,execution,16,125508.0
worker_17,execution,16,188083.62933190592
worker_18,execution,16,90264.0
worker_19,execution,16,73087.0
worker_20,execution,16,128992.0
worker_21,execution,16,87205.0
worker_22,execution,16,58527.0
worker_23,execution,16,99015.0
worker_24,execution,16,118151.0
worker_25,execution,16,105788.46276451439
worker_26,execution,16,169100.50641795926
worker_27,execution,16,145234.3633879094
worker_28,execution,16,153653.17233569353
worker_29,execution,16,97604.0
worker_0,idle,16,95482.62933190592
worker_1,idle,16,71017.62933190592
worker_2,idle,16,84584.62933190592
worker_3,idle,16,69842.62933190592
worker_4,idle,16,94107.62933190592
worker_5,idle,16,95803.0842878767
worker_6,idle,16,49627.0164866111
worker_7,idle,16,57546.62933190592
worker_8,idle,16,91551.62933190592
worker_9,idle,16,31062.40258258354
worker_10,idle,16,94992.62933190592
worker_11,idle,16,79835.62933190592
worker_12,idle,16,81427.30125266575
worker_13,idle,16,83309.72815012612
worker_14,idle,16,82715.62933190592
worker_15,idle,16,50764.62933190592
worker_16,idle,16,62575.62933190592
worker_17,idle,16,0.0
worker_18,idle,16,97819.62933190592
worker_19,idle,16,114996.62933190592
worker_20,idle,16,59091.62933190592
worker_21,idle,16,100878.62933190592
worker_22,idle,16,129556.62933190592
worker_23,idle,16,89068.62933190592
worker_24,idle,16,69932.62933190592
worker_25,idle,16,82295.16656739153
worker_26,idle,16,18983.12291394666
worker_27,idle,16,42849.26594399652
worker_28,idle,16,34430.45699621239
worker_29,idle,16,90479.62933190592
worker_0,execution,17,81139.0
worker_1,execution,17,97835.0
worker_2,execution,17,78964.0
worker_3,execution,17,110015.0
worker_4,execution,17,104670.0
worker_5,execution,17,95627.96668842188
worker_6,execution,17,127681.67628685548
worker_7,execution,17,83887.0
worker_8,execution,17,81667.0
worker_9,execution,17,188341.30130486036
worker_10,execution,17,92917.0
worker_11,execution,17,92502.0
worker_12,execution,17,129639.93276119162
worker_13,execution,17,131252.1555267871
worker_14,execution,17,85986.0
worker_15,execution,17,130631.0
worker_16,execution,17,96524.0
worker_17,execution,17,204062.69396430635
worker_18,execution,17,84648.0
worker_19,execution,17,94555.0
worker_20,execution,17,83454.0
worker_21,execution,17,108722.0
worker_22,execution,17,123977.0
worker_23,execution,17,100690.0
worker_24,execution,17,86114.0
worker_25,execution,17,119539.14148926134
worker_26,execution,17,192913.5253432976
worker_27,execution,17,120053.62973929779
worker_28,execution,17,189907.98886872333
worker_29,execution,17,102673.0
worker_0,idle,17,122923.69396430635
worker_1,idle,17,106227.69396430635
worker_2,idle,17,125098.69396430635
worker_3,idle,17,94047.69396430635
worker_4,idle,17,99392.69396430635
worker_5,idle,17,108434.72727588448
worker_6,idle,17,76381.01767745087
worker_7,idle,17,120175.69396430635
worker_8,idle,17,122395.69396430635
worker_9,idle,17,15721.392659445992
worker_10,idle,17,111145.69396430635
worker_11,idle,17,111560.69396430635
worker_12,idle,17,74422.76120311473
worker_13,idle,17,72810.53843751925
worker_14,idle,17,118076.69396430635
worker_15,idle,17,73431.69396430635
worker_16,idle,17,107538.69396430635
worker_17,idle,17,0.0
worker_18,idle,17,119414.69396430635
worker_19,idle,17,109507.69396430635
worker_20,idle,17,120608.69396430635
worker_21,idle,17,95340.69396430635
worker_22,idle,17,80085.69396430635
worker_23,idle,17,103372.69396430635
worker_24,idle,17,117948.69396430635
worker_25,idle,17,84523.55247504501
worker_26,idle,17,11149.16862100875
worker_27,idle,17,84009.06422500857
worker_28,idle,17,14154.70509558302
worker_29,idle,17,101389.69396430635
worker_0,execution,18,95593.0
worker_1,execution,18,80949.0
worker_2,execution,18,109188.0
worker_3,execution,18,72461.0
worker_4,execution,18,95348.0
worker_5,execution,18,120549.77866983294
worker_6,execution,18,88789.27478777315
worker_7,execution,18,103335.0
worker_8,execution,18,142111.0
worker_9,execution,18,150751.11250529258
worker_10,execution,18,111984.0
worker_11,execution,18,75023.0
worker_12,execution,18,130390.87703984827
worker_13,execution,18,141634.0487533191
worker_14,execution,18,129168.0
worker_15,execution,18,92934.0
worker_16,execution,18,73210.0
worker_17,execution,18,139453.94983660924
worker_18,execution,18,92024.0
worker_19,execution,18,112820.0
worker_20,execution,18,85880.0
worker_21,execution,18,85548.0
worker_22,execution,18,83810.0
worker_23,execution,18,62474.0
worker_24,execution,18,89760.0
worker_25,execution,18,107567.24355528272
worker_26,execution,18,193412.96668909554
worker_27,execution,18,128298.1880598288
worker_28,execution,18,158302.57949825283
worker_29,execution,18,109583.0
worker_0,idle,18,97819.96668909554
worker_1,idle,18,112463.96668909554
worker_2,idle,18,84224.96668909554
worker_3,idle,18,120951.96668909554
worker_4,idle,18,98064.96668909554
worker_5,idle,18,72863.1880192626
worker_6,idle,18,104623.6919013224
worker_7,idle,18,90077.96668909554
worker_8,idle,18,51301.96668909554
worker_9,idle,18,42661.85418380296
worker_10,idle,18,81428.96668909554
worker_11,idle,18,118389.96668909554
worker_12,idle,18,63022.08964924727
worker_13,idle,18,51778.91793577644
worker_14,idle,18,64244.96668909554
worker_15,idle,18,100478.96668909554
worker_16,idle,18,120202.96668909554
worker_17,idle,18,53959.0168524863
worker_18,idle,18,101388.96668909554
worker_19,idle,18,80592.96668909554
worker_20,idle,18,107532.96668909554
worker_21,idle,18,107864.96668909554
worker_22,idle,18,109602.96668909554
worker_23,idle,18,130938.96668909554
worker_24,idle,18,103652.96668909554
worker_25,idle,18,85845.72313381282
worker_26,idle,18,0.0
worker_27,idle,18,65114.778629266744
worker_28,idle,18,35110.38719084271
worker_29,idle,18,83829.96668909554
worker_0,execution,19,114884.0
worker_1,execution,19,126441.0
worker_2,execution,19,71468.0
worker_3,execution,19,127128.0
worker_4,execution,19,124341.0
worker_5,execution,19,117016.26459644859
worker_6,execution,19,141968.14135564055
worker_7,execution,19,111039.0
worker_8,execution,19,101726.0
worker_9,execution,19,142693.8937150558
worker_10,execution,19,98221.0
worker_11,execution,19,135124.0
worker_12,execution,19,110884.6415088888
worker_13,execution,19,104849.44878456525
worker_14,execution,19,116609.0
worker_15,execution,19,97463.0
worker_16,execution,19,85313.0
worker_17,execution,19,165838.13764788723
worker_18,execution,19,119017.0
worker_19,execution,19,78139.0
worker_20,execution,19,75261.0
worker_21,execution,19,78999.0
worker_22,execution,19,62868.0
worker_23,execution,19,71161.0
worker_24,execution,19,106071.0
worker_25,execution,19,103601.58838986274
worker_26,execution,19,163827.0946909479
worker_27,execution,19,122555.32115912094
worker_28,execution,19,151920.78144829563
worker_29,execution,19,48258.0
worker_0,idle,19,50954.137647887226
worker_1,idle,19,39397.137647887226
worker_2,idle,19,94370.13764788723
worker_3,idle,19,38710.137647887226
worker_4,idle,19,41497.137647887226
worker_5,idle,19,48821.87305143864
worker_6,idle,19,23869.99629224668
worker_7,idle,19,54799.137647887226
worker_8,idle,19,64112.137647887226
worker_9,idle,19,23144.24393283142
worker_10,idle,19,67617.13764788723
worker_11,idle,19,30714.137647887226
worker_12,idle,19,54953.496138998424
worker_13,idle,19,60988.68886332198
worker_14,idle,19,49229.137647887226
worker_15,idle,19,68375.13764788723
worker_16,idle,19,80525.13764788723
worker_17,idle,19,0.0
worker_18,idle,19,46821.137647887226
worker_19,idle,19,87699.13764788723
worker_20,idle,19,90577.13764788723
worker_21,idle,19,86839.13764788723
worker_22,idle,19,102970.13764788723
worker_23,idle,19,94677.13764788723
worker_24,idle,19,59767.137647887226
worker_25,idle,19,62236.54925802449
worker_26,idle,19,2011.0429569393164
worker_27,idle,19,43282.816488766286
worker_28,idle,19,13917.356199591595
worker_29,idle,19,117580.13764788723
worker_0,execution,20,103209.0
worker_1,execution,20,96137.0
worker_2,execution,20,73625.0
worker_3,execution,20,85616.0
worker_4,execution,20,111135.0
worker_5,execution,20,140674.6659304281
worker_6,execution,20,109530.3666974435
worker_7,execution,20,93906.0
worker_8,execution,20,95881.0
worker_9,execution,20,99021.14515881607
worker_10,execution,20,100846.0
worker_11,execution,20,65771.0
worker_12,execution,20,169199.25871593022
worker_13,execution,20,86636.57435680379
worker_14,execution,20,111857.0
worker_15,execution,20,132666.0
worker_16,execution,20,100885.0
worker_17,execution,20,217991.87148665357
worker_18,execution,20,76332.0
worker_19,execution,20,86079.0
worker_20,execution,20,100474.0
worker_21,execution,20,89935.0
worker_22,execution,20,91340.0
worker_23,execution,20,117979.0
worker_24,execution,20,121441.0
worker_25,execution,20,131323.13192557616
worker_26,execution,20,217039.9867684126
worker_27,execution,20,162534.92216636817
worker_28,execution,20,188909.80173836544
worker_29,execution,20,90755.0
worker_0,idle,20,114782.87148665357
worker_1,idle,20,121854.87148665357
worker_2,idle,20,144366.87148665357
worker_3,idle,20,132375.87148665357
worker_4,idle,20,106856.87148665357
worker_5,idle,20,77317.20555622547
worker_6,idle,20,108461.50478921007
worker_7,idle,20,124085.87148665357
worker_8,idle,20,122110.87148665357
worker_9,idle,20,118970.7263278375
worker_10,idle,20,117145.87148665357
worker_11,idle,20,152220.87148665357
worker_12,idle,20,48792.61277072335
worker_13,idle,20,131355.2971298498
worker_14,idle,20,106134.87148665357
worker_15,idle,20,85325.87148665357
worker_16,idle,20,117106.87148665357
worker_17,idle,20,0.0
worker_18,idle,20,141659.87148665357
worker_19,idle,20,131912.87148665357
worker_20,idle,20,117517.87148665357
worker_21,idle,20,128056.87148665357
worker_22,idle,20,126651.87148665357
worker_23,idle,20,100012.87148665357
worker_24,idle,20,96550.87148665357
worker_25,idle,20,86668.73956107741
worker_26,idle,20,951.8847182409663
worker_27,idle,20,55456.94932028541
worker_28,idle,20,29082.069748288137
worker_29,idle,20,127236.87148665357
worker_0,execution,21,120202.0
worker_1,execution,21,103633.0
worker_2,execution,21,87898.0
worker_3,execution,21,87579.0
worker_4,execution,21,109892.0
worker_5,execution,21,115278.6545667069
worker_6,execution,21,145805.3455081162
worker_7,execution,21,103009.0
worker_8,execution,21,77975.0
worker_9,execution,21,164622.52040362405
worker_10,execution,21,115278.0
worker_11,execution,21,117812.0
worker_12,execution,21,122946.84751797306
worker_13,execution,21,158608.6507541753
worker_14,execution,21,114356.0
worker_15,execution,21,97379.0
worker_16,execution,21,59710.0
worker_17,execution,21,124757.68639412343
worker_18,execution,21,136213.0
worker_19,execution,21,130943.0
worker_20,execution,21,114361.0
worker_21,execution,21,103270.0
worker_22,execution,21,116195.0
worker_23,execution,21,103733.0
worker_24,execution,21,83956.0
worker_25,execution,21,107611.05021117981
worker_26,execution,21,185091.2405411795
worker_27,execution,21,144934.28289936268
worker_28,execution,21,157660.769921874
worker_29,execution,21,106398.0
worker_0,idle,21,64889.24054117949
worker_1,idle,21,81458.24054117949
worker_2,idle,21,97193.24054117949
worker_3,idle,21,97512.24054117949
worker_4,idle,21,75199.24054117949
worker_5,idle,21,69812.58597447259
worker_6,idle,21,39285.89503306328
worker_7,idle,21,82082.24054117949
worker_8,idle,21,107116.24054117949
worker_9,idle,21,20468.720137555443
worker_10,idle,21,69813.24054117949
worker_11,idle,21,67279.24054117949
worker_12,idle,21,62144.39302320643
worker_13,idle,21,26482.589787004195
worker_14,idle,21,70735.24054117949
worker_15,idle,21,87712.24054117949
worker_16,idle,21,125381.24054117949
worker_17,idle,21,60333.55414705606
worker_18,idle,21,48878.24054117949
worker_19,idle,21,54148.24054117949
worker_20,idle,21,70730.24054117949
worker_21,idle,21,81821.24054117949
worker_22,idle,21,68896.24054117949
worker_23,idle,21,81358.24054117949
worker_24,idle,21,101135.24054117949
worker_25,idle,21,77480.19032999968
worker_26,idle,21,0.0
worker_27,idle,21,40156.957641816814
worker_28,idle,21,27430.470619305503
worker_29,idle,21,78693.24054117949
worker_0,execution,22,124555.0
worker_1,execution,22,124561.0
worker_2,execution,22,66016.0
worker_3,execution,22,54676.0
worker_4,execution,22,121966.0
worker_5,execution,22,111306.81435033609
worker_6,execution,22,92949.75107210471
worker_7,execution,22,95425.0
worker_8,execution,22,87958.0
worker_9,execution,22,170046.35220469753
worker_10,execution,22,87268.0
worker_11,execution,22,112937.0
worker_12,execution,22,157521.68270323108
worker_13,execution,22,162046.06668091333
worker_14,execution,22,103689.0
worker_15,execution,22,74299.0
worker_16,execution,22,78722.0
worker_17,execution,22,113986.04858955595
worker_18,execution,22,96931.0
worker_19,execution,22,143644.0
worker_20,execution,22,107828.0
worker_21,execution,22,88214.0
worker_22,execution,22,100249.0
worker_23,execution,22,112444.0
worker_24,execution,22,84951.0
worker_25,execution,22,61101.062522555105
worker_26,execution,22,154258.48739007424
worker_27,execution,22,177272.5486089738
worker_28,execution,22,180105.95623821768
worker_29,execution,22,93112.0
worker_0,idle,22,55550.95623821768
worker_1,idle,22,55544.95623821768
worker_2,idle,22,114089.95623821768
worker_3,idle,22,125429.95623821768
worker_4,idle,22,58139.95623821768
worker_5,idle,22,68799.14188788159
worker_6,idle,22,87156.20516611297
worker_7,idle,22,84680.95623821768
worker_8,idle,22,92147.95623821768
worker_9,idle,22,10059.604033520154
worker_10,idle,22,92837.95623821768
worker_11,idle,22,67168.95623821768
worker_12,idle,22,22584.273534986598
worker_13,idle,22,18059.889557304356
worker_14,idle,22,76416.95623821768
worker_15,idle,22,105806.95623821768
worker_16,idle,22,101383.95623821768
worker_17,idle,22,66119.90764866173
worker_18,idle,22,83174.95623821768
worker_19,idle,22,36461.95623821768
worker_20,idle,22,72277.95623821768
worker_21,idle,22,91891.95623821768
worker_22,idle,22,79856.95623821768
worker_23,idle,22,67661.95623821768
worker_24,idle,22,95154.95623821768
worker_25,idle,22,119004.89371566258
worker_26,idle,22,25847.468848143442
worker_27,idle,22,2833.407629243884
worker_28,idle,22,0.0
worker_29,idle,22,86993.95623821768
worker_0,execution,23,131477.0
worker_1,execution,23,85858.0
worker_2,execution,23,74173.0
worker_3,execution,23,129866.0
worker_4,execution,23,110291.0
worker_5,execution,23,109878.61100976131
worker_6,execution,23,159299.85394161113
worker_7,execution,23,129106.0
worker_8,execution,23,86397.0
worker_9,execution,23,173710.52645771398
worker_10,execution,23,136577.0
worker_11,execution,23,100342.0
worker_12,execution,23,136775.21167372368
worker_13,execution,23,77773.89620503549
worker_14,execution,23,91206.0
worker_15,execution,23,71394.0
worker_16,execution,23,101470.0
worker_17,execution,23,200191.58594872328
worker_18,execution,23,117806.0
worker_19,execution,23,88565.0
worker_20,execution,23,91174.0
worker_21,execution,23,98843.0
worker_22,execution,23,86971.0
worker_23,execution,23,109810.0
worker_24,execution,23,95438.0
worker_25,execution,23,123833.34657390945
worker_26,execution,23,184795.0201567752
worker_27,execution,23,91513.83184644382
worker_28,execution,23,168048.5156619284
worker_29,execution,23,97890.0
worker_0,idle,23,68714.58594872328
worker_1,idle,23,114333.58594872328
worker_2,idle,23,126018.58594872328
worker_3,idle,23,70325.58594872328
worker_4,idle,23,89900.58594872328
worker_5,idle,23,90312.97493896197
worker_6,idle,23,40891.73200711215
worker_7,idle,23,71085.58594872328
worker_8,idle,23,113794.58594872328
worker_9,idle,23,26481.059491009306
worker_10,idle,23,63614.58594872328
worker_11,idle,23,99849.58594872328
worker_12,idle,23,63416.3742749996
worker_13,idle,23,122417.68974368779
worker_14,idle,23,108985.58594872328
worker_15,idle,23,128797.58594872328
worker_16,idle,23,98721.58594872328
worker_17,idle,23,0.0
worker_18,idle,23,82385.58594872328
worker_19,idle,23,111626.58594872328
worker_20,idle,23,109017.58594872328
worker_21,idle,23,101348.58594872328
worker_22,idle,23,113220.58594872328
worker_23,idle,23,90381.58594872328
worker_24,idle,23,104753.58594872328
worker_25,idle,23,76358.23937481383
worker_26,idle,23,15396.565791948087
worker_27,idle,23,108677.75410227946
worker_28,idle,23,32143.070286794886
worker_29,idle,23,102301.58594872328
worker_0,execution,24,95980.0
worker_1,execution,24,90672.0
worker_2,execution,24,97237.0
worker_3,execution,24,75649.0
worker_4,execution,24,89278.0
worker_5,execution,24,78988.38883586985
worker_6,execution,24,93744.11121766889
worker_7,execution,24,108274.0
worker_8,execution,24,96115.0
worker_9,execution,24,139676.2487517934
worker_10,execution,24,91722.0
worker_11,execution,24,107509.0
worker_12,execution,24,140523.39174053783
worker_13,execution,24,141048.55483173186
worker_14,execution,24,91967.0
worker_15,execution,24,114105.0
worker_16,execution,24,85661.0
worker_17,execution,24,135998.0088306572
worker_18,execution,24,117939.0
worker_19,execution,24,89882.0
worker_20,execution,24,80279.0
worker_21,execution,24,110710.0
worker_22,execution,24,100571.0
worker_23,execution,24,94322.0
worker_24,execution,24,106230.0
worker_25,execution,24,122583.7040741085
worker_26,execution,24,186283.0109249456
worker_27,execution,24,163422.9154488023
worker_28,execution,24,193484.96357717912
worker_29,execution,24,112179.0
worker_0,idle,24,97504.96357717912
worker_1,idle,24,102812.96357717912
worker_2,idle,24,96247.96357717912
worker_3,idle,24,117835.96357717912
worker_4,idle,24,104206.96357717912
worker_5,idle,24,114496.57474130928
worker_6,idle,24,99740.85235951023
worker_7,idle,24,85210.96357717912
worker_8,idle,24,97369.96357717912
worker_9,idle,24,53808.714825385716
worker_10,idle,24,101762.96357717912
worker_11,idle,24,85975.96357717912
worker_12,idle,24,52961.57183664129
worker_13,idle,24,52436.40874544726
worker_14,idle,24,101517.96357717912
worker_15,idle,24,79379.96357717912
worker_16,idle,24,107823.96357717912
worker_17,idle,24,57486.95474652192
worker_18,idle,24,75545.96357717912
worker_19,idle,24,103602.96357717912
worker_20,idle,24,113205.96357717912
worker_21,idle,24,82774.96357717912
worker_22,idle,24,92913.96357717912
worker_23,idle,24,99162.96357717912
worker_24,idle,24,87254.96357717912
worker_25,idle,24,70901.25950307063
worker_26,idle,24,7201.952652233507
worker_27,idle,24,30062.04812837683
worker_28,idle,24,0.0
worker_29,idle,24,81305.96357717912
worker_0,execution,25,99791.0
worker_1,execution,25,76102.0
worker_2,execution,25,91192.0
worker_3,execution,25,98759.0
worker_4,execution,25,101273.0
worker_5,execution,25,114428.90721022678
worker_6,execution,25,116234.95860682707
worker_7,execution,25,100161.0
worker_8,execution,25,97545.0
worker_9,execution,25,159023.33278103714
worker_10,execution,25,91626.0
worker_11,execution,25,117886.0
worker_12,execution,25,120973.98345488204
worker_13,execution,25,125108.01064400154
worker_14,execution,25,95276.0
worker_15,execution,25,116313.0
worker_16,execution,25,95579.0
worker_17,execution,25,190260.01264020609
worker_18,execution,25,88395.0
worker_19,execution,25,92317.0
worker_20,execution,25,101431.0
worker_21,execution,25,109810.0
worker_22,execution,25,100470.0
worker_23,execution,25,107856.0
worker_24,execution,25,61279.0
worker_25,execution,25,70776.56944213937
worker_26,execution,25,105392.45723258884
worker_27,execution,25,159226.3816778505
worker_28,execution,25,181879.5945276965
worker_29,execution,25,109629.0
worker_0,idle,25,90469.01264020609
worker_1,idle,25,114158.01264020609
worker_2,idle,25,99068.01264020609
worker_3,idle,25,91501.01264020609
worker_4,idle,25,88987.01264020609
worker_5,idle,25,75831.1054299793
worker_6,idle,25,74025.05403337901
worker_7,idle,25,90099.01264020609
worker_8,idle,25,92715.01264020609
worker_9,idle,25,31236.679859168944
worker_10,idle,25,98634.01264020609
worker_11,idle,25,72374.01264020609
worker_12,idle,25,69286.02918532405
worker_13,idle,25,65152.00199620455
worker_14,idle,25,94984.01264020609
worker_15,idle,25,73947.01264020609
worker_16,idle,25,94681.01264020609
worker_17,idle,25,0.0
worker_18,idle,25,101865.01264020609
worker_19,idle,25,97943.01264020609
worker_20,idle,25,88829.01264020609
worker_21,idle,25,80450.01264020609
worker_22,idle,25,89790.01264020609
worker_23,idle,25,82404.01264020609
worker_24,idle,25,128981.01264020609
worker_25,idle,25,119483.44319806671
worker_26,idle,25,84867.55540761724
worker_27,idle,25,31033.630962355586
worker_28,idle,25,8380.418112509593
worker_29,idle,25,80631.01264020609
worker_0,execution,26,115287.0
worker_1,execution,26,118723.0
worker_2,execution,26,103011.0
worker_3,execution,26,111805.0
worker_4,execution,26,92738.0
worker_5,execution,26,111793.34515866378
worker_6,execution,26,129018.02799921157
worker_7,execution,26,114570.0
worker_8,execution,26,107972.0
worker_9,execution,26,117120.91560546828
worker_10,execution,26,98069.0
worker_11,execution,26,134878.0
worker_12,execution,26,136882.48942781746
worker_13,execution,26,121392.01293199214
worker_14,execution,26,123869.0
worker_15,execution,26,82585.0
worker_16,execution,26,77109.0
worker_17,execution,26,158303.50512153667
worker_18,execution,26,118562.0
worker_19,execution,26,111491.0
worker_20,execution,26,143425.0
worker_21,execution,26,94497.0
worker_22,execution,26,117902.0
worker_23,execution,26,85311.0
worker_24,execution,26,110014.0
worker_25,execution,26,131215.92089930174
worker_26,execution,26,148452.9122980575
worker_27,execution,26,129333.15954073482
worker_28,execution,26,219492.27553722958
worker_29,execution,26,74541.0
worker_0,idle,26,104205.27553722958
worker_1,idle,26,100769.27553722958
worker_2,idle,26,116481.27553722958
worker_3,idle,26,107687.27553722958
worker_4,idle,26,126754.27553722958
worker_5,idle,26,107698.9303785658
worker_6,idle,26,90474.24753801801
worker_7,idle,26,104922.27553722958
worker_8,idle,26,111520.27553722958
worker_9,idle,26,102371.3599317613
worker_10,idle,26,121423.27553722958
worker_11,idle,26,84614.27553722958
worker_12,idle,26,82609.78610941212
worker_13,idle,26,98100.26260523744
worker_14,idle,26,95623.27553722958
worker_15,idle,26,136907.27553722958
worker_16,idle,26,142383.27553722958
worker_17,idle,26,61188.77041569291
worker_18,idle,26,100930.27553722958
worker_19,idle,26,108001.27553722958
worker_20,idle,26,76067.27553722958
worker_21,idle,26,124995.27553722958
worker_22,idle,26,101590.27553722958
worker_23,idle,26,134181.27553722958
worker_24,idle,26,109478.27553722958
worker_25,idle,26,88276.35463792784
worker_26,idle,26,71039.36323917209
worker_27,idle,26,90159.11599649476
worker_28,idle,26,0.0
worker_29,idle,26,144951.27553722958
worker_0,execution,27,83763.0
worker_1,execution,27,97502.0
worker_2,execution,27,119318.0
worker_3,execution,27,83315.0
worker_4,execution,27,121618.0
worker_5,execution,27,137453.92166239725
worker_6,execution,27,149796.37431812927
worker_7,execution,27,79449.0
worker_8,execution,27,96494.0
worker_9,execution,27,183027.25749638665
worker_10,execution,27,107620.0
worker_11,execution,27,98589.0
worker_12,execution,27,134493.5970012895
worker_13,execution,27,121426.2454395043
worker_14,execution,27,107936.0
worker_15,execution,27,159700.0
worker_16,execution,27,98173.0
worker_17,execution,27,201720.89255060634
worker_18,execution,27,105937.0
worker_19,execution,27,102732.0
worker_20,execution,27,71796.0
worker_21,execution,27,76394.0
worker_22,execution,27,100861.0
worker_23,execution,27,94364.0
worker_24,execution,27,89931.0
worker_25,execution,27,133259.8472389208
worker_26,execution,27,112093.58232396742
worker_27,execution,27,153390.122380197
worker_28,execution,27,178396.66389598508
worker_29,execution,27,83213.0
worker_0,idle,27,117957.89255060634
worker_1,idle,27,104218.89255060634
worker_2,idle,27,82402.89255060634
worker_3,idle,27,118405.89255060634
worker_4,idle,27,80102.89255060634
worker_5,idle,27,64266.97088820909
worker_6,idle,27,51924.51823247707
worker_7,idle,27,122271.89255060634
worker_8,idle,27,105226.89255060634
worker_9,idle,27,18693.63505421969
worker_10,idle,27,94100.89255060634
worker_11,idle,27,103131.89255060634
worker_12,idle,27,67227.29554931683
worker_13,idle,27,80294.64711110204
worker_14,idle,27,93784.89255060634
worker_15,idle,27,42020.89255060634
worker_16,idle,27,103547.89255060634
worker_17,idle,27,0.0
worker_18,idle,27,95783.89255060634
worker_19,idle,27,98988.89255060634
worker_20,idle,27,129924.89255060634
worker_21,idle,27,125326.89255060634
worker_22,idle,27,100859.89255060634
worker_23,idle,27,107356.89255060634
worker_24,idle,27,111789.89255060634
worker_25,idle,27,68461.04531168554
worker_26,idle,27,89627.31022663892
worker_27,idle,27,48330.77017040935
worker_28,idle,27,23324.228654621256
worker_29,idle,27,118507.89255060634
worker_0,execution,28,94496.0
worker_1,execution,28,102567.0
worker_2,execution,28,111724.0
worker_3,execution,28,100475.0
worker_4,execution,28,77696.0
worker_5,execution,28,132188.40275291554
worker_6,execution,28,116168.8620742915
worker_7,execution,28,107558.0
worker_8,execution,28,99602.0
worker_9,execution,28,158509.4639823411
worker_10,execution,28,98039.0
worker_11,execution,28,90443.0
worker_12,execution,28,122623.70599039781
worker_13,execution,28,112865.75769887779
worker_14,execution,28,79516.0
worker_15,execution,28,100856.0
worker_16,execution,28,121076.0
worker_17,execution,28,238127.47145375833
worker_18,execution,28,84632.0
worker_19,execution,28,102428.0
worker_20,execution,28,106436.0
worker_21,execution,28,114903.0
worker_22,execution,28,112858.0
worker_23,execution,28,79866.0
worker_24,execution,28,106093.0
worker_25,execution,28,111762.30726079532
worker_26,execution,28,196256.33793706933
worker_27,execution,28,101315.44045703612
worker_28,execution,28,149922.75729149673
worker_29,execution,28,88740.0
worker_0,idle,28,143631.47145375833
worker_1,idle,28,135560.47145375833
worker_2,idle,28,126403.47145375833
worker_3,idle,28,137652.47145375833
worker_4,idle,28,160431.47145375833
worker_5,idle,28,105939.06870084279
worker_6,idle,28,121958.60937946684
worker_7,idle,28,130569.47145375833
worker_8,idle,28,138525.47145375833
worker_9,idle,28,79618.00747141722
worker_10,idle,28,140088.47145375833
worker_11,idle,28,147684.47145375833
worker_12,idle,28,115503.76546336053
worker_13,idle,28,125261.71375488055
worker_14,idle,28,158611.47145375833
worker_15,idle,28,137271.47145375833
worker_16,idle,28,117051.47145375833
worker_17,idle,28,0.0
worker_18,idle,28,153495.47145375833
worker_19,idle,28,135699.47145375833
worker_20,idle,28,131691.47145375833
worker_21,idle,28,123224.47145375833
worker_22,idle,28,125269.47145375833
worker_23,idle,28,158261.47145375833
worker_24,idle,28,132034.47145375833
worker_25,idle,28,126365.16419296301
worker_26,idle,28,41871.133516689006
worker_27,idle,28,136812.03099672223
worker_28,idle,28,88204.7141622616
worker_29,idle,28,149387.47145375833
worker_0,execution,29,101451.0
worker_1,execution,29,103847.0
worker_2,execution,29,120975.0
worker_3,execution,29,85444.0
worker_4,execution,29,142700.0
worker_5,execution,29,101039.22063265611
worker_6,execution,29,108112.29563577072
worker_7,execution,29,113298.0
worker_8,execution,29,128733.0
worker_9,execution,29,137433.21906965142
worker_10,execution,29,71790.0
worker_11,execution,29,75258.0
worker_12,execution,29,118986.72847355895
worker_13,execution,29,94956.25411355165
worker_14,execution,29,102647.0
worker_15,execution,29,98705.0
worker_16,execution,29,83748.0
worker_17,execution,29,193289.43441360747
worker_18,execution,29,107442.0
worker_19,execution,29,80081.0
worker_20,execution,29,88694.0
worker_21,execution,29,89707.0
worker_22,execution,29,125138.0
worker_23,execution,29,67635.0
worker_24,execution,29,136903.0
worker_25,execution,29,111199.73757453807
worker_26,execution,29,206124.61004542175
worker_27,execution,29,160216.95349463483
worker_28,execution,29,146327.6337261253
worker_29,execution,29,101150.0
worker_0,idle,29,104673.61004542175
worker_1,idle,29,102277.61004542175
worker_2,idle,29,85149.61004542175
worker_3,idle,29,120680.61004542175
worker_4,idle,29,63424.61004542175
worker_5,idle,29,105085.38941276564
worker_6,idle,29,98012.31440965104
worker_7,idle,29,92826.61004542175
worker_8,idle,29,77391.61004542175
worker_9,idle,29,68691.39097577034
worker_10,idle,29,134334.61004542175
worker_11,idle,29,130866.61004542175
worker_12,idle,29,87137.8815718628
worker_13,idle,29,111168.3559318701
worker_14,idle,29,103477.61004542175
worker_15,idle,29,107419.61004542175
worker_16,idle,29,122376.61004542175
worker_17,idle,29,12835.175631814287
worker_18,idle,29,98682.61004542175
worker_19,idle,29,126043.61004542175
worker_20,idle,29,117430.61004542175
worker_21,idle,29,116417.61004542175
worker_22,idle,29,80986.61004542175
worker_23,idle,29,138489.61004542175
worker_24,idle,29,69221.61004542175
worker_25,idle,29,94924.87247088368
worker_26,idle,29,0.0
worker_27,idle,29,45907.65655078692
worker_28,idle,29,59796.97631929646
worker_29,idle,29,104974.61004542175
